gene,log2FoldChange,pvalue,padj
AT3G64125,3.728,0.01542,1.0
AT3G78026,2.574,0.0739,1.0
AT5G26321,3.035,0.05018,1.0
AT2G31862,2.961,0.1381,1.0
AT5G28758,2.055,0.15386,1.0
AT3G80575,2.736,0.15424,1.0
AT3G93796,4.523,0.2188,1.0
AT5G82226,4.346,0.32018,1.0
AT5G44545,2.02,0.32727,1.0
AT3G80298,1.996,0.13467,1.0
AT4G59121,2.183,0.23385,1.0
AT1G46873,2.991,0.36857,1.0
AT2G51074,0.737,0.82444,1.0
AT3G22039,3.528,0.07917,1.0
AT5G97458,2.008,0.39658,1.0
AT2G84115,1.768,0.23403,1.0
AT5G28766,2.714,0.25445,1.0
AT2G68041,2.573,0.19216,1.0
AT1G19469,3.178,0.31673,1.0
AT3G18565,3.623,0.11128,1.0
AT4G23190,2.858,0.11503,1.0
AT3G61326,4.336,0.04381,1.0
AT5G38710,2.134,0.49934,1.0
AT5G85275,2.656,0.06557,1.0
AT5G64698,3.05,0.06608,1.0
AT2G87052,3.158,0.31222,1.0
AT1G96687,2.346,0.45797,1.0
AT2G20180,3.17,0.28931,1.0
AT1G39227,2.453,0.22385,1.0
AT2G46009,3.731,0.18155,1.0
AT5G42926,2.588,0.31827,1.0
AT4G31524,2.76,0.10657,1.0
AT3G73650,2.879,0.3742,1.0
AT1G26105,3.326,0.24094,1.0
AT2G73394,4.102,0.0121,1.0
AT5G44992,2.601,0.41315,1.0
AT5G57686,2.326,0.36187,1.0
AT3G69078,3.562,0.02205,1.0
AT4G68348,3.73,0.0286,1.0
AT2G31669,4.208,0.06617,1.0
AT5G51941,1.857,0.12326,1.0
AT2G40312,4.777,0.07829,1.0
AT4G98117,4.63,0.02705,1.0
AT4G66618,3.922,0.19333,1.0
AT5G39807,3.64,0.09204,1.0
AT4G32480,3.159,0.2355,1.0
AT3G11184,3.905,0.0301,1.0
AT4G17169,4.771,0.14742,1.0
AT1G83090,5.236,0.0041,1.0
AT2G31581,4.559,0.00796,1.0
AT1G67798,3.475,0.03797,1.0
AT4G95596,2.128,0.10711,1.0
AT3G20876,3.472,0.16994,1.0
AT3G94076,3.227,0.4065,1.0
AT2G27063,1.098,0.30863,1.0
AT4G89671,2.818,0.11605,1.0
AT1G75577,4.359,0.30598,1.0
AT5G83898,3.169,0.04956,1.0
AT4G42033,1.699,0.40772,1.0
AT3G36072,2.246,0.08253,1.0
AT5G63252,3.079,0.0298,1.0
AT3G65636,0.961,0.46893,1.0
AT5G87383,4.72,0.00641,1.0
AT1G20961,3.111,0.17456,1.0
AT4G46441,3.886,0.15191,1.0
AT2G30254,2.946,0.06934,1.0
AT5G42132,4.453,0.03584,1.0
AT3G33722,5.199,0.26715,1.0
AT4G20789,2.797,0.21269,1.0
AT3G37482,1.287,0.73519,1.0
AT3G99539,3.306,0.18119,1.0
AT5G72297,3.979,0.07141,1.0
AT4G63111,4.137,0.09636,1.0
AT2G82013,2.485,0.16903,1.0
AT2G67954,5.287,0.25521,1.0
AT4G51765,1.103,0.29458,1.0
AT3G56470,1.715,0.48146,1.0
AT1G14358,4.016,0.28932,1.0
AT1G76925,3.075,0.08778,1.0
AT3G42148,5.084,0.0132,1.0
AT1G84984,0.189,0.90532,1.0
AT1G47143,-0.633,0.50559,1.0
AT4G71351,-0.378,0.86835,1.0
AT3G49251,-1.091,0.6534,1.0
AT2G23989,-1.278,0.27489,1.0
AT1G56728,0.63,0.66542,1.0
AT3G96835,0.581,0.6473,1.0
AT3G32135,1.295,0.29591,1.0
AT3G27208,-0.755,0.60292,1.0
AT1G85883,1.689,0.16858,1.0
AT4G44219,-0.287,0.88173,1.0
AT1G55969,1.574,0.34093,1.0
AT2G60572,-0.433,0.84539,1.0
AT4G62338,-0.735,0.71773,1.0
AT1G82626,0.25,0.81929,1.0
AT1G46706,1.031,0.44389,1.0
AT1G55570,0.161,0.91034,1.0
AT3G17455,-0.586,0.86915,1.0
AT5G88891,-1.341,0.4208,1.0
AT2G70571,-1.402,0.51008,1.0
AT1G40035,0.503,0.56072,1.0
AT2G25968,0.99,0.4687,1.0
AT5G57617,-0.164,0.84161,1.0
AT3G25727,-1.074,0.39275,1.0
AT3G42901,0.873,0.75921,1.0
AT2G59451,-1.28,0.41624,1.0
AT1G54083,-0.713,0.45356,1.0
AT2G59916,0.621,0.63861,1.0
AT1G99861,-2.25,0.44312,1.0
AT1G29382,0.386,0.6966,1.0
AT4G50082,-0.582,0.57545,1.0
AT4G14833,0.109,0.90535,1.0
AT1G82867,-0.076,0.93827,1.0
AT3G62699,0.202,0.81413,1.0
AT5G93338,0.694,0.64632,1.0
AT5G69188,-0.758,0.66117,1.0
AT4G52848,1.421,0.22213,1.0
AT2G57684,0.726,0.79827,1.0
AT3G50623,0.844,0.3865,1.0
AT3G40041,1.165,0.63052,1.0
AT3G64408,0.788,0.65356,1.0
AT5G47525,0.844,0.44019,1.0
AT2G83846,0.076,0.97415,1.0
AT1G88140,-1.427,0.43984,1.0
AT3G40411,-0.135,0.89388,1.0
AT1G72252,-0.77,0.66173,1.0
AT5G48769,-1.423,0.23698,1.0
AT3G31906,0.258,0.87806,1.0
AT2G99045,-0.569,0.64321,1.0
AT5G31430,-1.03,0.56352,1.0
AT5G69425,-1.043,0.70702,1.0
AT5G78620,0.268,0.87714,1.0
AT1G72540,0.359,0.70229,1.0
AT5G17953,1.322,0.50011,1.0
AT2G35745,-0.014,0.99237,0.9997
AT4G71502,1.042,0.33411,1.0
AT2G32966,1.402,0.22074,1.0
AT3G97145,1.15,0.41647,1.0
AT5G49788,-2.365,0.45483,1.0
AT3G59693,1.229,0.56089,1.0
AT2G55338,0.34,0.72115,1.0
AT2G48832,0.424,0.78158,1.0
AT5G51890,0.371,0.66749,1.0
AT2G92546,0.383,0.80046,1.0
AT4G12107,0.319,0.69408,1.0
AT1G97278,-0.359,0.74054,1.0
AT2G20314,-1.902,0.39484,1.0
AT5G48745,-0.109,0.92289,1.0
AT4G72332,-0.804,0.45832,1.0
AT3G82023,1.08,0.60815,1.0
AT2G69217,-0.289,0.86458,1.0
AT2G54116,0.083,0.94989,1.0
AT1G90130,-0.85,0.61803,1.0
AT4G49125,-0.511,0.57045,1.0
AT1G32266,-0.012,0.99048,1.0
AT3G80275,-1.485,0.31571,1.0
AT3G60803,0.301,0.71708,1.0
AT2G22084,-0.106,0.93809,1.0
AT2G39683,-1.186,0.35847,1.0
AT1G18035,-2.398,0.39547,1.0
AT1G58713,0.513,0.59814,1.0
AT3G23494,-0.298,0.85299,1.0
AT4G74429,-0.53,0.70002,1.0
AT5G59995,-0.236,0.94124,1.0
AT5G97396,1.816,0.51362,1.0
AT3G11047,-0.05,0.95219,1.0
AT3G74449,0.087,0.92857,1.0
AT2G28330,-1.487,0.70444,1.0
AT2G13103,1.647,0.2143,1.0
AT4G66534,0.917,0.47546,1.0
AT4G59113,1.067,0.30688,1.0
AT2G37212,0.048,0.94932,1.0
AT5G55659,0.917,0.56603,1.0
AT4G14958,0.371,0.88355,1.0
AT1G48445,0.613,0.68426,1.0
AT5G61916,-0.152,0.91304,1.0
AT5G88723,-1.474,0.36,1.0
AT4G86245,1.029,0.62205,1.0
AT5G81748,-1.935,0.35684,1.0
AT2G92978,-0.24,0.93273,1.0
AT1G47627,-0.205,0.82739,1.0
AT5G50414,-1.043,0.60038,1.0
AT1G10827,0.613,0.59011,1.0
AT1G51159,-0.2,0.90708,1.0
AT1G55818,-0.437,0.64362,1.0
AT3G59965,0.52,0.79091,1.0
AT5G95833,-0.477,0.84939,1.0
AT1G17402,1.389,0.2662,1.0
AT3G37953,0.351,0.85617,1.0
AT1G48337,-0.474,0.83017,1.0
AT3G84432,-1.944,0.22874,1.0
AT1G68784,-1.308,0.68547,1.0
AT5G82421,1.087,0.44392,1.0
AT1G19213,-0.051,0.98753,1.0
AT1G39799,-0.283,0.83735,1.0
AT1G11613,1.643,0.36409,1.0
AT4G93115,-1.283,0.67191,1.0
AT4G74716,-0.586,0.83549,1.0
AT2G42416,-0.473,0.69379,1.0
AT4G55437,0.586,0.87136,1.0
AT3G10877,-0.664,0.5477,1.0
AT1G80515,-0.613,0.70422,1.0
AT4G92630,-1.605,0.46731,1.0
AT3G33149,0.729,0.44505,1.0
AT2G73154,0.806,0.81634,1.0
AT4G56117,-0.476,0.6797,1.0
AT3G70008,0.163,0.96037,1.0
AT1G61524,-1.293,0.47,1.0
AT3G57271,-0.472,0.78247,1.0
AT1G63172,1.378,0.65659,1.0
AT1G19627,0.136,0.87844,1.0
AT4G17954,2.31,0.17293,1.0
AT2G38193,-0.787,0.78809,1.0
AT1G17999,0.58,0.51782,1.0
AT4G44056,-0.196,0.9369,1.0
AT3G17342,0.566,0.67838,1.0
AT4G24952,-0.007,0.99813,1.0
AT3G73492,-0.561,0.71167,1.0
AT2G12173,-0.868,0.55177,1.0
AT4G62999,3.066,0.04351,1.0
AT1G41429,-0.077,0.93585,1.0
AT2G77658,-2.017,0.32546,1.0
AT3G82105,-0.649,0.77079,1.0
AT1G20421,0.678,0.83111,1.0
AT2G45976,-0.5,0.76542,1.0
AT2G41902,1.36,0.67481,1.0
AT2G67381,1.002,0.67397,1.0
AT4G39162,-0.152,0.88089,1.0
AT1G68203,-0.472,0.82114,1.0
AT3G84926,-1.005,0.56024,1.0
AT2G40237,-0.7,0.84678,1.0
AT3G62983,-1.473,0.20537,1.0
AT3G83496,1.204,0.29694,1.0
AT1G98500,1.591,0.60252,1.0
AT4G88154,-1.256,0.33792,1.0
AT2G97701,-1.182,0.44481,1.0
AT5G98935,-1.769,0.17343,1.0
AT2G15798,-0.964,0.68255,1.0
AT3G63748,-3.106,0.2909,1.0
AT2G11043,-1.142,0.28054,1.0
AT2G18437,1.297,0.57737,1.0
AT1G23453,-0.346,0.80345,1.0
AT4G98391,0.855,0.71926,1.0
AT1G70066,-0.489,0.77118,1.0
AT3G67607,1.761,0.38887,1.0
AT5G14490,0.199,0.85392,1.0
AT4G49152,-0.382,0.75952,1.0
AT5G81699,2.552,0.05803,1.0
AT3G50548,-0.324,0.72817,1.0
AT5G12946,-1.221,0.32587,1.0
AT4G42818,0.202,0.90301,1.0
AT3G12683,-0.039,0.98035,1.0
AT4G33976,1.066,0.49796,1.0
AT3G87643,-0.922,0.6295,1.0
AT1G73553,0.805,0.72318,1.0
AT3G33967,0.853,0.70326,1.0
AT4G59507,-0.668,0.67828,1.0
AT3G46130,0.163,0.91536,1.0
AT5G73204,-0.831,0.40072,1.0
AT5G49951,2.346,0.15666,1.0
AT5G88545,-0.704,0.48252,1.0
AT1G93451,-0.453,0.86418,1.0
AT2G87092,-1.066,0.75216,1.0
AT5G21558,-0.346,0.70704,1.0
AT3G35390,-0.006,0.99627,1.0
AT2G91415,0.768,0.56658,1.0
AT1G94459,-0.61,0.74459,1.0
AT3G95614,-0.186,0.88932,1.0
AT3G11063,-1.416,0.60593,1.0
AT1G40995,-0.827,0.38695,1.0
AT1G49458,2.756,0.13047,1.0
AT4G46129,1.041,0.71486,1.0
AT3G12576,-0.781,0.45133,1.0
AT5G32047,-1.337,0.43146,1.0
AT5G95049,-0.976,0.45017,1.0
AT1G91812,-0.022,0.99187,1.0
AT2G21700,0.035,0.97949,1.0
AT5G14477,-0.744,0.59776,1.0
AT5G74050,-1.287,0.41126,1.0
AT5G25857,1.422,0.24506,1.0
AT4G36791,0.452,0.73247,1.0
AT2G99906,-0.375,0.82592,1.0
AT1G89477,-0.221,0.8998,1.0
AT5G23965,-0.53,0.76114,1.0
AT5G43449,-2.936,0.14085,1.0
AT3G46651,0.116,0.94651,1.0
AT4G15325,-1.071,0.75732,1.0
AT3G54032,-1.003,0.65948,1.0
AT3G27222,-0.64,0.6126,1.0
AT4G83537,0.732,0.70307,1.0
AT3G89851,-1.171,0.5329,1.0
AT5G65847,-1.434,0.50959,1.0
AT1G30028,0.64,0.8146,1.0
AT4G56898,0.754,0.74077,1.0
AT2G47954,-0.959,0.63948,1.0
AT1G93196,0.562,0.56767,1.0
AT1G94022,-0.292,0.88073,1.0
AT1G58684,0.301,0.74061,1.0
AT1G33398,-1.261,0.31425,1.0
AT1G32384,0.833,0.38969,1.0
AT1G27562,1.203,0.32757,1.0
AT1G50110,0.637,0.80656,1.0
AT3G75059,0.558,0.54114,1.0
AT2G13061,-3.772,0.02221,1.0
AT1G74207,0.261,0.84613,1.0
AT2G38466,-0.025,0.98405,1.0
AT4G42525,-0.147,0.96254,1.0
AT2G99959,-0.631,0.76145,1.0
AT3G26710,0.055,0.95183,1.0
AT3G77704,0.412,0.87169,1.0
AT3G45200,-0.264,0.7388,1.0
AT4G88131,-0.463,0.89018,1.0
AT2G82132,1.23,0.24404,1.0
AT3G27924,-1.105,0.57236,1.0
AT2G10916,1.03,0.50825,1.0
AT4G98969,0.177,0.87811,1.0
AT1G99177,-0.804,0.6696,1.0
AT3G31988,-0.29,0.88153,1.0
AT4G32455,-0.92,0.77448,1.0
AT3G79408,0.675,0.51186,1.0
AT1G82394,0.348,0.67502,1.0
AT1G49492,-0.557,0.82427,1.0
AT2G75981,-1.102,0.32286,1.0
AT3G95954,0.302,0.7629,1.0
AT4G82398,0.957,0.41271,1.0
AT4G50282,-0.114,0.9351,1.0
AT2G87899,0.418,0.88788,1.0
AT5G39061,-0.376,0.72121,1.0
AT5G15559,0.068,0.9271,1.0
AT4G10617,-0.291,0.78299,1.0
AT2G81557,0.294,0.87674,1.0
AT5G32677,-1.51,0.33362,1.0
AT1G46554,0.644,0.80149,1.0
AT4G72760,-0.23,0.8141,1.0
AT1G12060,0.359,0.73649,1.0
AT1G56321,-0.34,0.8032,1.0
AT4G20909,0.32,0.92627,1.0
AT3G21257,-1.073,0.73517,1.0
AT1G61342,1.189,0.35906,1.0
AT5G75756,-1.704,0.22679,1.0
AT1G42540,-1.039,0.45267,1.0
AT1G29289,0.236,0.90119,1.0
AT2G52152,1.463,0.29098,1.0
AT2G46871,0.278,0.91267,1.0
AT5G54470,-0.248,0.81784,1.0
AT5G94040,-1.425,0.33856,1.0
AT4G67357,-0.191,0.89849,1.0
AT5G18604,-0.02,0.99142,1.0
AT3G21068,1.691,0.21812,1.0
AT5G12821,0.622,0.78051,1.0
AT2G64504,-1.529,0.56233,1.0
AT5G79519,2.027,0.19137,1.0
AT1G54084,-0.395,0.71717,1.0
AT5G46860,-0.879,0.7512,1.0
AT1G90119,1.475,0.49745,1.0
AT3G12650,-0.05,0.9841,1.0
AT3G97079,-0.367,0.67356,1.0
AT1G67751,0.219,0.9491,1.0
AT4G84314,0.845,0.62544,1.0
AT3G79259,0.993,0.68834,1.0
AT5G89646,-1.375,0.40201,1.0
AT2G19369,1.998,0.11805,1.0
AT3G38803,0.947,0.43267,1.0
AT5G63811,-0.379,0.80748,1.0
AT3G36371,-0.819,0.71866,1.0
AT1G63314,-0.969,0.42517,1.0
AT5G91094,0.123,0.91366,1.0
AT2G70586,-0.648,0.55928,1.0
AT2G15550,-0.765,0.81186,1.0
AT5G21080,0.811,0.72815,1.0
AT3G97615,0.365,0.8253,1.0
AT2G16340,-0.395,0.77006,1.0
AT5G85821,0.734,0.57346,1.0
AT4G98796,1.367,0.35834,1.0
AT1G24596,-1.094,0.44841,1.0
AT2G73364,-0.603,0.63443,1.0
AT5G82721,0.943,0.55907,1.0
AT2G95628,0.719,0.70373,1.0
AT3G85877,0.227,0.85135,1.0
AT3G77387,1.162,0.67066,1.0
AT2G79331,-1.088,0.36605,1.0
AT3G80029,-1.479,0.19312,1.0
AT4G18200,-0.867,0.78386,1.0
AT1G40400,0.123,0.88966,1.0
AT3G86963,-0.796,0.70566,1.0
AT5G76410,-0.487,0.76793,1.0
AT2G95642,-0.975,0.77453,1.0
AT5G85711,-0.62,0.49707,1.0
AT1G68682,-1.005,0.47042,1.0
AT3G58000,0.367,0.8935,1.0
AT5G19705,0.795,0.65712,1.0
AT1G49043,-0.48,0.57987,1.0
AT5G96574,-0.207,0.94234,1.0
AT4G14177,-0.581,0.53411,1.0
AT5G96785,0.531,0.77107,1.0
AT1G18440,0.089,0.97337,1.0
AT1G78899,1.594,0.27565,1.0
AT2G21676,-1.095,0.31333,1.0
AT1G38467,0.363,0.81342,1.0
AT5G37564,0.444,0.78285,1.0
AT4G41958,-0.36,0.84309,1.0
AT1G87284,0.584,0.73884,1.0
AT2G26279,-1.439,0.65563,1.0
AT5G88420,2.119,0.22787,1.0
AT3G43751,-1.342,0.48012,1.0
AT2G16438,0.92,0.70205,1.0
AT4G89032,-1.121,0.36513,1.0
AT3G79041,1.151,0.29642,1.0
AT3G50242,-0.385,0.68665,1.0
AT5G68852,0.158,0.94511,1.0
AT1G70951,0.053,0.94425,1.0
AT2G45989,1.101,0.51161,1.0
AT5G59346,-0.322,0.70745,1.0
AT2G46339,-2.967,0.40055,1.0
AT2G53108,-0.76,0.42035,1.0
AT5G73299,0.184,0.94283,1.0
AT4G47354,-0.44,0.66683,1.0
AT1G46365,0.77,0.50351,1.0
AT4G79462,1.015,0.38865,1.0
AT1G36302,-0.148,0.93468,1.0
AT1G41125,-1.49,0.25312,1.0
AT3G48490,1.384,0.37684,1.0
AT2G30506,1.083,0.7428,1.0
AT1G88388,-0.299,0.90838,1.0
AT1G46016,2.108,0.35588,1.0
AT3G39548,-0.349,0.70198,1.0
AT1G15595,-1.137,0.49165,1.0
AT3G30126,-0.156,0.92729,1.0
AT5G64339,1.078,0.45755,1.0
AT1G14339,-0.937,0.6049,1.0
AT3G97418,1.951,0.36554,1.0
AT5G99613,-0.897,0.68979,1.0
AT2G22708,0.954,0.58838,1.0
AT4G14528,0.544,0.81125,1.0
AT5G47780,-0.154,0.88929,1.0
AT1G33920,1.081,0.53474,1.0
AT2G24877,-1.5,0.66953,1.0
AT3G19260,1.358,0.5572,1.0
AT4G53903,-0.064,0.95803,1.0
AT2G88912,-0.542,0.76743,1.0
AT4G98736,0.749,0.45657,1.0
AT2G40492,1.06,0.73939,1.0
AT5G45709,0.77,0.52791,1.0
AT1G68785,2.0,0.12835,1.0
AT4G44568,1.081,0.31055,1.0
AT4G91488,1.284,0.41857,1.0
AT2G81383,-0.54,0.72191,1.0
AT4G63177,0.107,0.97227,1.0
AT5G69306,0.563,0.68947,1.0
AT1G74151,-0.018,0.98535,1.0
AT4G69476,0.302,0.84876,1.0
AT4G41585,0.426,0.85032,1.0
AT2G58663,0.844,0.56992,1.0
AT3G36597,-0.102,0.96202,1.0
AT4G35535,-0.35,0.77013,1.0
AT3G70665,-0.828,0.58204,1.0
AT4G48460,-0.892,0.35848,1.0
AT2G85667,1.172,0.63929,1.0
AT3G29805,-0.085,0.93319,1.0
AT4G33474,0.787,0.72119,1.0
AT1G87852,-1.297,0.44865,1.0
AT5G42226,-1.938,0.16752,1.0
AT3G97504,-1.049,0.48461,1.0
AT1G21905,1.147,0.52353,1.0
AT4G87142,1.068,0.32483,1.0
AT3G59721,0.332,0.70868,1.0
AT5G58300,-0.802,0.62567,1.0
AT1G58007,-0.131,0.95919,1.0
AT2G26418,-0.298,0.84946,1.0
AT5G79798,-0.345,0.87005,1.0
AT1G46321,-2.506,0.09984,1.0
AT3G66362,-0.858,0.49434,1.0
AT3G67751,-0.19,0.87575,1.0
AT3G88091,1.516,0.68845,1.0
AT1G93406,0.161,0.83472,1.0
AT2G58349,1.401,0.71098,1.0
AT4G28545,-0.394,0.75361,1.0
AT4G57282,-0.253,0.85284,1.0
AT4G99918,-3.899,0.15806,1.0
AT5G36289,0.463,0.61376,1.0
AT3G31281,0.547,0.74092,1.0
AT3G76626,1.764,0.26483,1.0
AT4G90145,-0.487,0.84265,1.0
AT3G27578,0.094,0.97403,1.0
AT5G74154,-0.706,0.49121,1.0
AT5G95815,-1.176,0.66241,1.0
AT4G60714,-0.713,0.77577,1.0
AT2G89632,-0.345,0.74891,1.0
AT3G71573,1.355,0.55857,1.0
AT5G70090,0.002,0.9979,1.0
AT4G22169,-0.791,0.78883,1.0
AT5G30369,0.142,0.9638,1.0
AT1G31590,0.218,0.88114,1.0
AT3G43462,-0.676,0.49755,1.0
AT4G21497,1.143,0.66617,1.0
AT4G27533,-1.888,0.64048,1.0
AT1G83586,-0.214,0.86547,1.0
AT5G33654,0.665,0.65079,1.0
AT5G15289,-1.338,0.42699,1.0
AT4G25281,0.361,0.85197,1.0
AT2G32236,1.293,0.31745,1.0
AT1G23876,0.454,0.63008,1.0
AT1G39832,-1.69,0.33303,1.0
AT1G36658,-0.728,0.45322,1.0
AT1G80418,1.232,0.33255,1.0
AT5G47060,0.298,0.91384,1.0
AT3G78203,-0.01,0.98921,1.0
AT3G74393,0.441,0.7694,1.0
AT5G40299,0.721,0.55696,1.0
AT3G32450,-0.708,0.75685,1.0
AT2G96882,-0.29,0.81303,1.0
AT5G69247,0.143,0.93975,1.0
AT3G19306,-0.544,0.63453,1.0
AT5G79122,-0.133,0.93374,1.0
AT3G12682,1.298,0.22413,1.0
AT4G65576,-0.968,0.72541,1.0
AT4G88367,1.927,0.2347,1.0
AT1G14656,1.879,0.47092,1.0
AT4G60303,-1.713,0.42158,1.0
AT5G15576,-0.141,0.86527,1.0
AT4G84134,0.343,0.78825,1.0
AT3G79654,-0.761,0.78789,1.0
AT2G23432,-0.741,0.51158,1.0
AT5G39524,-0.237,0.85873,1.0
AT5G34540,0.739,0.7967,1.0
AT3G54294,-0.511,0.70671,1.0
AT4G57834,1.827,0.30906,1.0
AT5G34905,0.29,0.79976,1.0
AT5G73925,-0.103,0.93718,1.0
AT2G27459,1.449,0.31992,1.0
AT2G14531,0.626,0.57575,1.0
AT5G82693,0.369,0.65507,1.0
AT1G24446,-0.331,0.78101,1.0
AT4G95839,1.814,0.31417,1.0
AT4G71192,0.812,0.48587,1.0
AT3G41692,-0.203,0.80349,1.0
AT2G32523,-1.577,0.6717,1.0
AT5G48813,0.373,0.90611,1.0
AT5G27171,-1.144,0.27326,1.0
AT2G38437,-1.716,0.28298,1.0
AT1G27236,-0.279,0.9251,1.0
AT5G11773,0.281,0.78913,1.0
AT1G52948,1.282,0.66317,1.0
AT1G76970,0.282,0.91122,1.0
AT4G83172,0.806,0.61494,1.0
AT2G35723,-1.226,0.35516,1.0
AT2G84751,-0.023,0.97796,1.0
AT5G75332,0.124,0.88098,1.0
AT1G73576,0.862,0.60204,1.0
AT3G51972,0.116,0.87638,1.0
AT4G57681,0.804,0.7487,1.0
AT2G21512,-0.504,0.65114,1.0
AT4G87131,0.358,0.85271,1.0
AT1G69013,0.415,0.69253,1.0
AT2G43260,-1.25,0.43567,1.0
AT2G45771,0.176,0.95555,1.0
AT5G48239,-0.32,0.91646,1.0
AT4G47629,-1.904,0.38264,1.0
AT3G25443,0.958,0.73512,1.0
AT4G30641,-0.362,0.73072,1.0
AT5G24785,-0.852,0.57126,1.0
AT4G75085,-0.377,0.73216,1.0
AT4G14067,0.138,0.88952,1.0
AT3G48878,1.508,0.66061,1.0
AT5G13887,-0.166,0.9031,1.0
AT4G23029,0.472,0.66545,1.0
AT4G46325,1.374,0.23135,1.0
AT4G31549,0.534,0.55446,1.0
AT5G26861,1.069,0.53535,1.0
AT4G50887,-0.477,0.69495,1.0
AT2G42248,0.771,0.4301,1.0
AT4G27516,-0.058,0.98431,1.0
AT5G35149,1.074,0.29595,1.0
AT4G22784,-1.004,0.52013,1.0
AT1G63694,-0.78,0.45292,1.0
AT3G49446,1.269,0.61267,1.0
AT2G58335,-0.196,0.80662,1.0
AT4G61590,-0.359,0.71187,1.0
AT4G88041,0.078,0.93732,1.0
AT1G41295,-0.689,0.76369,1.0
AT5G60345,1.332,0.42859,1.0
AT4G36870,-1.249,0.38107,1.0
AT4G36382,-0.151,0.91326,1.0
AT1G46070,0.347,0.69318,1.0
AT5G41737,-0.104,0.92561,1.0
AT1G71895,-0.802,0.77771,1.0
AT3G48081,-0.868,0.40529,1.0
AT4G14503,0.425,0.80198,1.0
AT5G10022,-1.03,0.66932,1.0
AT4G48123,0.646,0.58668,1.0
AT3G46887,-1.524,0.22531,1.0
AT4G63643,-0.555,0.75796,1.0
AT1G40668,0.036,0.97556,1.0
AT4G88365,-1.252,0.24427,1.0
AT5G65053,0.652,0.65904,1.0
AT5G75634,-0.019,0.98938,1.0
AT5G23535,-1.036,0.46467,1.0
AT3G31477,-1.519,0.26093,1.0
AT4G46463,-1.566,0.2746,1.0
AT3G65011,0.051,0.98673,1.0
AT2G25979,-1.157,0.28029,1.0
AT1G80332,-1.365,0.40912,1.0
AT4G39367,-0.231,0.81553,1.0
AT2G77555,2.278,0.16758,1.0
AT4G69745,0.278,0.8992,1.0
AT5G18070,0.763,0.41576,1.0
AT1G70615,0.213,0.81555,1.0
AT2G81868,0.783,0.51288,1.0
AT1G99725,-1.343,0.52462,1.0
AT2G40510,-0.431,0.83891,1.0
AT2G13228,0.261,0.92124,1.0
AT3G42263,-0.018,0.98672,1.0
AT5G62662,-0.192,0.92144,1.0
AT4G58678,-0.666,0.66174,1.0
AT2G12814,-0.258,0.7855,1.0
AT5G12805,-0.774,0.54179,1.0
AT1G49538,-2.422,0.28077,1.0
AT1G88996,-1.195,0.6849,1.0
AT1G16425,0.476,0.78241,1.0
AT4G84662,1.557,0.52535,1.0
AT3G58251,1.814,0.2637,1.0
AT3G89445,0.097,0.94165,1.0
AT5G42074,0.893,0.60492,1.0
AT4G83439,0.908,0.58625,1.0
AT3G60119,-0.692,0.65641,1.0
AT3G24085,-1.698,0.34606,1.0
AT2G28097,0.031,0.98366,1.0
AT4G97332,-1.762,0.19313,1.0
AT2G37388,-0.32,0.79423,1.0
AT2G13906,0.608,0.86342,1.0
AT1G49695,-1.42,0.42018,1.0
AT3G62452,0.032,0.98592,1.0
AT5G72204,1.24,0.3795,1.0
AT4G10052,0.362,0.69491,1.0
AT5G27041,0.522,0.61908,1.0
AT5G10536,0.907,0.73156,1.0
AT4G28805,1.733,0.30059,1.0
AT4G67422,0.151,0.90472,1.0
AT4G37490,1.23,0.45677,1.0
AT4G27498,-0.064,0.96395,1.0
AT3G78628,-0.546,0.62325,1.0
AT3G58003,0.315,0.8975,1.0
AT4G67398,-0.606,0.84543,1.0
AT1G82311,-0.573,0.62297,1.0
AT5G31387,-0.608,0.77643,1.0
AT4G15310,-2.295,0.27494,1.0
AT2G69716,0.105,0.89201,1.0
AT3G81630,-1.264,0.63271,1.0
AT2G56592,-0.107,0.8967,1.0
AT4G82789,1.45,0.4153,1.0
AT4G42517,-0.521,0.8084,1.0
AT2G74363,-0.542,0.53871,1.0
AT1G57423,1.364,0.33922,1.0
AT2G39469,0.546,0.78786,1.0
AT2G70342,0.977,0.40067,1.0
AT3G21038,-0.355,0.81566,1.0
AT4G54719,0.748,0.58226,1.0
AT1G72402,-0.686,0.68068,1.0
AT2G74477,-0.676,0.77233,1.0
AT1G20830,0.596,0.55211,1.0
AT1G76904,-0.598,0.58917,1.0
AT1G19779,0.767,0.69629,1.0
AT3G81765,2.392,0.17925,1.0
AT3G69465,-1.686,0.66403,1.0
AT3G31488,-0.752,0.46715,1.0
AT5G61258,1.12,0.61325,1.0
AT1G92772,-0.145,0.92795,1.0
AT2G14498,1.161,0.29405,1.0
AT2G74091,-1.01,0.65912,1.0
AT3G70968,0.331,0.753,1.0
AT1G66190,-0.151,0.95842,1.0
AT5G66630,0.14,0.89883,1.0
AT1G38484,0.331,0.73185,1.0
AT5G12012,-1.22,0.39822,1.0
AT2G44669,-1.074,0.29068,1.0
AT1G87428,1.399,0.33711,1.0
AT2G56954,0.293,0.83387,1.0
AT1G34578,0.106,0.94775,1.0
AT3G30785,-0.044,0.96465,1.0
AT5G57060,0.357,0.72636,1.0
AT3G83250,-1.156,0.49514,1.0
AT3G13832,-0.999,0.33008,1.0
AT4G17664,1.305,0.32282,1.0
AT2G53292,0.151,0.88676,1.0
AT1G79630,0.85,0.65435,1.0
AT3G70309,-0.606,0.50133,1.0
AT3G67857,1.377,0.53437,1.0
AT1G81878,0.345,0.78877,1.0
AT2G29053,0.481,0.72935,1.0
AT2G59644,0.549,0.69405,1.0
AT5G47709,-0.797,0.63771,1.0
AT2G83198,-1.866,0.19009,1.0
AT5G97022,-1.075,0.3472,1.0
AT1G84359,1.631,0.55933,1.0
AT4G60801,1.301,0.70499,1.0
AT3G92698,-0.347,0.80037,1.0
AT2G19917,-0.302,0.70583,1.0
AT2G62144,1.037,0.41541,1.0
AT1G90399,-0.168,0.87476,1.0
AT5G68457,-1.299,0.43307,1.0
AT2G63706,1.266,0.2938,1.0
AT1G55684,0.477,0.87012,1.0
AT1G17822,-2.516,0.133,1.0
AT5G21430,-0.313,0.73483,1.0
AT3G77766,0.144,0.92181,1.0
AT2G31669,0.481,0.73232,1.0
AT5G81998,0.152,0.92522,1.0
AT1G18490,-0.636,0.66039,1.0
AT4G79431,-0.116,0.90743,1.0
AT4G49909,0.295,0.93406,1.0
AT3G82345,-0.268,0.93025,1.0
AT1G11315,-0.372,0.76692,1.0
AT5G77552,1.252,0.59475,1.0
AT2G47014,-0.947,0.66114,1.0
AT5G97250,-0.349,0.80069,1.0
AT3G32636,-2.031,0.22102,1.0
AT4G46555,0.541,0.60886,1.0
AT5G69878,0.828,0.70857,1.0
AT2G73522,0.548,0.56748,1.0
AT5G71907,0.918,0.3942,1.0
AT2G84819,0.441,0.7135,1.0
AT1G94318,0.343,0.8864,1.0
AT3G75032,0.474,0.74128,1.0
AT3G56208,-0.267,0.92501,1.0
AT5G77196,1.188,0.26281,1.0
AT3G98326,-0.349,0.8782,1.0
AT4G10356,-1.462,0.21764,1.0
AT1G78775,0.85,0.54395,1.0
AT2G48933,1.851,0.3797,1.0
AT1G71543,-0.96,0.74604,1.0
AT3G29446,-0.102,0.92631,1.0
AT2G30590,-0.685,0.66527,1.0
AT4G79550,-0.381,0.87843,1.0
AT1G78449,0.046,0.98599,1.0
AT3G69755,-1.242,0.43776,1.0
AT1G13958,-0.278,0.90571,1.0
AT3G49443,-1.466,0.49628,1.0
AT1G33612,-0.568,0.52397,1.0
AT5G15560,-1.186,0.35033,1.0
AT4G28164,-1.059,0.38571,1.0
AT4G67145,-1.72,0.14235,1.0
AT4G38413,1.219,0.61274,1.0
AT4G86963,0.509,0.58244,1.0
AT2G74218,-1.917,0.55526,1.0
AT4G30862,-0.597,0.59941,1.0
AT2G88530,-0.67,0.72177,1.0
AT4G15270,-0.691,0.49829,1.0
AT2G42815,-1.447,0.21354,1.0
AT3G60772,0.754,0.58245,1.0
AT1G61733,-0.396,0.79098,1.0
AT4G18111,0.468,0.76906,1.0
AT3G74840,0.527,0.56012,1.0
AT4G95333,1.375,0.24416,1.0
AT3G74945,-1.815,0.15211,1.0
AT4G63783,1.739,0.22596,1.0
AT4G35054,1.269,0.72976,1.0
AT4G41811,0.573,0.6959,1.0
AT1G12654,2.384,0.07571,1.0
AT3G34458,0.205,0.93745,1.0
AT4G62991,0.821,0.62792,1.0
AT3G56737,-0.738,0.45381,1.0
AT2G21080,1.134,0.57294,1.0
AT1G41073,0.168,0.85239,1.0
AT4G59619,-0.451,0.79806,1.0
AT4G57278,2.117,0.26876,1.0
AT2G22355,-0.305,0.88608,1.0
AT1G84780,0.009,0.99078,1.0
AT1G87130,-0.197,0.8059,1.0
AT1G87248,-0.756,0.53644,1.0
AT1G67484,0.531,0.57184,1.0
AT2G78656,0.738,0.65519,1.0
AT5G81112,0.354,0.66474,1.0
AT2G54785,-2.361,0.09363,1.0
AT4G24854,1.008,0.40324,1.0
AT2G45238,-0.35,0.90207,1.0
AT5G71389,-1.216,0.27418,1.0
AT3G76629,0.603,0.54652,1.0
AT3G20030,0.563,0.73447,1.0
AT2G20471,-1.043,0.49496,1.0
AT4G40189,2.472,0.47445,1.0
AT5G98460,-1.21,0.54131,1.0
AT2G22615,-1.733,0.35538,1.0
AT4G13935,-1.154,0.51146,1.0
AT2G28208,1.421,0.26159,1.0
AT3G77092,-0.176,0.83024,1.0
AT3G94800,-0.372,0.79404,1.0
AT5G13116,-0.062,0.97654,1.0
AT5G16857,-0.597,0.52869,1.0
AT1G77994,-0.69,0.77795,1.0
AT2G49131,-0.641,0.60133,1.0
AT3G23332,0.708,0.60514,1.0
AT4G83573,1.02,0.54176,1.0
AT1G20583,-1.055,0.68018,1.0
AT3G51227,0.239,0.82654,1.0
AT3G30628,0.788,0.42499,1.0
AT5G86809,-1.082,0.61176,1.0
AT5G49936,-0.503,0.57347,1.0
AT4G94864,-1.038,0.47627,1.0
AT5G70642,-1.291,0.31768,1.0
AT5G22222,0.102,0.93033,1.0
AT2G53318,-0.736,0.75457,1.0
AT4G85102,0.631,0.82408,1.0
AT2G22592,-0.029,0.9923,1.0
AT3G80453,0.413,0.89321,1.0
AT5G99896,-0.292,0.82808,1.0
AT3G34067,-0.635,0.70396,1.0
AT5G26460,-0.091,0.92221,1.0
AT2G68313,-0.005,0.99699,1.0
AT5G19567,-0.706,0.61786,1.0
AT5G81247,0.427,0.85913,1.0
AT1G26188,0.747,0.51236,1.0
AT2G61445,0.158,0.92202,1.0
AT5G12493,1.713,0.20086,1.0
AT5G27379,-0.632,0.57939,1.0
AT4G72623,0.521,0.65069,1.0
AT1G64815,-0.409,0.9051,1.0
AT4G22716,0.235,0.79353,1.0
AT5G27111,-0.83,0.51358,1.0
AT5G76092,1.115,0.41364,1.0
AT2G99894,0.176,0.83809,1.0
AT3G33719,1.192,0.60224,1.0
AT5G81374,-1.266,0.37267,1.0
AT4G15078,-0.494,0.57222,1.0
AT1G52429,-0.893,0.41036,1.0
AT5G93186,-0.532,0.56263,1.0
AT2G63779,-0.693,0.60946,1.0
AT5G41448,-0.121,0.96434,1.0
AT1G74745,-0.017,0.98556,1.0
AT5G61266,-0.041,0.95998,1.0
AT3G55443,-0.556,0.75924,1.0
AT1G83129,0.187,0.88421,1.0
AT5G80178,0.876,0.64941,1.0
AT4G49745,-0.902,0.69865,1.0
AT5G70207,0.001,0.99909,0.99909
AT4G62971,-0.074,0.93841,1.0
AT1G40402,0.468,0.71123,1.0
AT1G26204,-0.064,0.93833,1.0
AT3G59801,-0.016,0.99285,0.99951
AT4G39130,-0.991,0.42891,1.0
AT1G78731,0.022,0.97622,1.0
AT4G86011,-0.922,0.40609,1.0
AT4G69382,0.516,0.63543,1.0
AT4G33550,-0.103,0.89971,1.0
AT2G53863,0.04,0.97861,1.0
AT2G94219,-0.891,0.60538,1.0
AT1G48763,0.804,0.82457,1.0
AT3G36054,0.692,0.54661,1.0
AT2G81337,0.862,0.41248,1.0
AT4G96338,2.227,0.2517,1.0
AT4G61946,-0.053,0.94644,1.0
AT4G65060,1.203,0.30259,1.0
AT3G62280,-0.124,0.89011,1.0
AT2G64725,0.394,0.79975,1.0
AT4G79726,0.365,0.70436,1.0
AT2G48306,0.265,0.80959,1.0
AT3G56048,0.658,0.48099,1.0
AT4G20839,-0.304,0.8954,1.0
AT4G56143,0.041,0.96121,1.0
AT5G86947,0.535,0.71116,1.0
AT3G17637,1.748,0.44334,1.0
AT4G91675,-0.842,0.80332,1.0
AT1G22458,-1.806,0.13975,1.0
AT4G50866,-0.484,0.87752,1.0
AT3G61965,0.09,0.91165,1.0
AT3G98150,0.175,0.90292,1.0
AT2G71199,0.092,0.90701,1.0
AT1G63534,1.183,0.54,1.0
AT3G67580,0.976,0.43819,1.0
AT4G42668,-0.049,0.97239,1.0
AT5G97216,-0.47,0.77577,1.0
AT1G95103,-0.346,0.7507,1.0
AT2G35171,-0.356,0.71341,1.0
AT2G15078,-0.226,0.92166,1.0
AT4G29569,-1.573,0.61503,1.0
AT4G14613,-0.461,0.81241,1.0
AT5G87456,-0.425,0.85591,1.0
AT4G42087,-0.189,0.91754,1.0
AT2G90694,-0.254,0.75898,1.0
AT4G55147,0.672,0.48762,1.0
AT2G15435,-0.532,0.65267,1.0
AT4G88766,-0.439,0.62579,1.0
AT4G29976,0.542,0.76201,1.0
AT3G74979,-0.235,0.92788,1.0
AT2G13076,0.216,0.88411,1.0
AT4G12031,0.669,0.4972,1.0
AT5G40767,0.422,0.89718,1.0
AT4G59143,0.25,0.77098,1.0
AT4G83827,-0.196,0.87943,1.0
AT5G96021,0.682,0.53435,1.0
AT2G14537,0.176,0.88154,1.0
AT2G27241,-0.505,0.8532,1.0
AT3G64312,-0.151,0.87187,1.0
AT3G56109,-1.218,0.65371,1.0
AT5G51315,-0.962,0.34577,1.0
AT5G88219,-1.883,0.26568,1.0
AT3G82222,-0.68,0.56972,1.0
AT2G50739,1.336,0.72146,1.0
AT4G29718,-0.556,0.81942,1.0
AT3G12694,0.788,0.45983,1.0
AT4G41389,-0.003,0.99902,0.99968
AT1G80014,-0.701,0.82775,1.0
AT3G17282,1.338,0.65947,1.0
AT1G80775,0.582,0.79587,1.0
AT5G26995,-1.752,0.1979,1.0
AT5G91378,1.041,0.41445,1.0
AT1G21089,-1.075,0.35564,1.0
AT1G38948,-0.178,0.84673,1.0
AT2G38686,0.668,0.82336,1.0
AT5G99787,-0.3,0.87128,1.0
AT4G42328,1.119,0.29555,1.0
AT1G76954,0.761,0.57545,1.0
AT2G40984,-1.577,0.249,1.0
AT5G51314,-0.472,0.58523,1.0
AT1G67731,0.282,0.73579,1.0
AT2G55981,-0.575,0.53506,1.0
AT4G30295,-0.216,0.87634,1.0
AT4G25022,0.8,0.55947,1.0
AT2G94931,0.317,0.91132,1.0
AT4G64166,-0.921,0.77622,1.0
AT4G50747,0.175,0.88109,1.0
AT4G48487,-0.612,0.76213,1.0
AT5G91922,-1.215,0.5084,1.0
AT3G31187,-1.13,0.59359,1.0
AT4G29919,0.287,0.82687,1.0
AT1G73955,-0.028,0.96987,1.0
AT1G42015,0.005,0.99759,1.0
AT1G61703,-1.146,0.70383,1.0
AT2G30409,-0.184,0.81502,1.0
AT4G93508,-1.037,0.42727,1.0
AT5G84256,-0.926,0.58797,1.0
AT4G83801,-0.165,0.89145,1.0
AT2G13796,-1.383,0.64178,1.0
AT5G11879,0.669,0.70677,1.0
AT3G16399,2.487,0.51511,1.0
AT5G40978,0.459,0.84396,1.0
AT1G39250,-1.043,0.49751,1.0
AT1G86592,-0.271,0.92004,1.0
AT2G85800,-1.555,0.43853,1.0
AT5G85130,-0.378,0.74534,1.0
AT2G53471,0.507,0.59366,1.0
AT2G60303,0.589,0.77054,1.0
AT3G49276,-1.032,0.55746,1.0
AT3G43244,0.299,0.86435,1.0
AT2G17642,1.156,0.56371,1.0
AT5G82135,1.755,0.14045,1.0
AT4G62209,-0.701,0.64248,1.0
AT5G59087,-0.864,0.42906,1.0
AT1G57597,0.054,0.9801,1.0
AT5G24513,-2.928,0.14586,1.0
AT2G84589,-0.531,0.70316,1.0
AT1G70840,-0.271,0.80375,1.0
AT2G50176,-0.459,0.67589,1.0
AT2G41917,-1.584,0.39052,1.0
AT2G16463,-0.246,0.90327,1.0
AT3G87652,-0.777,0.42422,1.0
AT2G66121,0.757,0.64769,1.0
AT5G78852,-0.918,0.7274,1.0
AT1G87628,-0.282,0.81335,1.0
AT1G41626,-0.233,0.90632,1.0
AT5G46549,0.568,0.57627,1.0
AT5G92380,-2.546,0.10933,1.0
AT2G19719,-0.341,0.76524,1.0
AT3G50284,0.76,0.82997,1.0
AT1G67944,-0.362,0.79866,1.0
AT2G22573,-1.527,0.32239,1.0
AT3G40224,0.327,0.73638,1.0
AT4G33762,0.337,0.83204,1.0
AT5G95218,-0.27,0.7435,1.0
AT4G10103,-1.16,0.47402,1.0
AT5G28093,-0.741,0.79443,1.0
AT2G98543,-0.314,0.81961,1.0
AT5G36348,-0.876,0.41358,1.0
AT5G28375,-1.92,0.45958,1.0
AT3G83660,-0.769,0.66563,1.0
AT5G79856,-0.062,0.93235,1.0
AT3G45223,-0.507,0.85936,1.0
AT2G49307,-0.076,0.9597,1.0
AT3G39307,0.084,0.9481,1.0
AT3G84916,0.897,0.54554,1.0
AT4G24434,2.204,0.19667,1.0
AT4G56442,0.732,0.53133,1.0
AT2G40401,-1.404,0.43522,1.0
AT3G13845,-2.657,0.4973,1.0
AT4G90328,-0.094,0.9499,1.0
AT2G42478,0.071,0.98226,1.0
AT5G57374,-1.162,0.4465,1.0
AT3G39863,0.272,0.75475,1.0
AT5G26056,-0.767,0.78908,1.0
AT2G56263,0.403,0.78317,1.0
AT2G51922,-0.326,0.70476,1.0
AT3G76693,0.397,0.67245,1.0
AT1G81597,-1.743,0.20347,1.0
AT4G67908,-0.438,0.67755,1.0
AT1G17172,-0.149,0.96523,1.0
AT1G32440,-1.425,0.40533,1.0
AT5G26041,1.882,0.13775,1.0
AT1G14654,-0.541,0.61515,1.0
AT2G74894,1.39,0.46151,1.0
AT3G39752,-0.664,0.60793,1.0
AT5G56515,-0.23,0.83133,1.0
AT4G54211,1.184,0.29567,1.0
AT4G49062,0.304,0.79911,1.0
AT4G93557,0.192,0.822,1.0
AT1G58329,0.266,0.78463,1.0
AT2G22434,-1.366,0.20719,1.0
AT3G18165,-0.39,0.80828,1.0
AT3G53290,-0.956,0.50823,1.0
AT4G20106,0.197,0.85151,1.0
AT3G64244,-0.544,0.87531,1.0
AT5G55372,-0.044,0.96838,1.0
AT5G86120,-0.077,0.94986,1.0
AT4G68443,-0.036,0.98239,1.0
AT2G91752,-0.035,0.97259,1.0
AT1G69388,-0.652,0.55676,1.0
AT5G83795,-1.054,0.40804,1.0
AT1G60508,-0.664,0.49165,1.0
AT1G52915,1.072,0.49258,1.0
AT2G82345,0.374,0.717,1.0
AT3G87626,0.587,0.79217,1.0
AT3G58973,1.38,0.31616,1.0
AT4G90565,-1.179,0.65942,1.0
AT3G57461,0.51,0.61081,1.0
AT3G74012,-1.075,0.34814,1.0
AT3G36790,-0.334,0.88667,1.0
AT1G83664,0.484,0.59107,1.0
AT3G15667,1.614,0.33195,1.0
AT4G68564,-0.782,0.43134,1.0
AT2G86245,-0.095,0.90693,1.0
AT1G25283,1.156,0.52477,1.0
AT5G24385,-1.49,0.25978,1.0
AT1G10030,0.362,0.68476,1.0
AT4G44717,-0.308,0.70059,1.0
AT3G39858,-0.882,0.66353,1.0
AT3G91156,0.147,0.86866,1.0
AT5G91516,0.595,0.70451,1.0
AT3G69622,-0.912,0.76483,1.0
AT1G66645,0.38,0.82994,1.0
AT4G89154,0.173,0.93654,1.0
AT4G69318,-1.242,0.32768,1.0
AT2G23088,1.553,0.31925,1.0
AT3G27232,1.09,0.66703,1.0
AT2G39120,-0.86,0.507,1.0
AT1G84963,-0.587,0.80033,1.0
AT3G89967,0.771,0.55677,1.0
AT2G76585,-0.495,0.76189,1.0
AT1G80395,-1.84,0.18,1.0
AT4G18504,1.049,0.48636,1.0
AT5G64885,0.009,0.99132,1.0
AT5G63125,1.907,0.3462,1.0
AT4G35875,0.357,0.80543,1.0
AT1G99288,0.191,0.91181,1.0
AT1G11350,2.875,0.08151,1.0
AT4G39856,-0.172,0.82938,1.0
AT2G79984,-0.952,0.75429,1.0
AT1G39061,0.229,0.83808,1.0
AT2G17011,1.136,0.43915,1.0
AT1G68638,-1.165,0.3085,1.0
AT2G47744,-0.908,0.5433,1.0
AT2G34793,0.45,0.69341,1.0
AT1G20856,-3.197,0.198,1.0
AT5G95145,-1.093,0.41672,1.0
AT4G72508,0.795,0.45514,1.0
AT4G94043,-0.587,0.81878,1.0
AT2G94185,-1.626,0.25021,1.0
AT1G33510,1.926,0.52016,1.0
AT5G17198,-1.411,0.26086,1.0
AT1G91890,-0.523,0.68844,1.0
AT1G66884,-0.373,0.74415,1.0
AT5G36024,0.083,0.95137,1.0
AT5G43461,-0.37,0.77895,1.0
AT3G54005,-0.081,0.96853,1.0
AT5G65088,0.057,0.94474,1.0
AT1G16430,-0.087,0.961,1.0
AT2G31006,0.093,0.92915,1.0
AT5G21852,-2.379,0.12793,1.0
AT1G88977,0.441,0.80053,1.0
AT4G51924,-1.404,0.61817,1.0
AT4G77629,-2.167,0.44092,1.0
AT2G73982,1.381,0.60585,1.0
AT2G27232,-1.286,0.42132,1.0
AT4G62277,0.18,0.90604,1.0
AT3G22062,-0.773,0.75273,1.0
AT2G32749,-0.678,0.48837,1.0
AT2G75747,0.484,0.79727,1.0
AT5G37834,-1.048,0.78466,1.0
AT4G75180,0.373,0.82315,1.0
AT1G30922,0.381,0.8364,1.0
AT5G85666,1.164,0.49895,1.0
AT1G71376,-0.336,0.85967,1.0
AT5G79209,1.047,0.5662,1.0
AT4G88344,1.721,0.27741,1.0
AT1G59971,1.587,0.62788,1.0
AT3G33199,0.586,0.84165,1.0
AT4G51896,0.449,0.81093,1.0
AT1G12215,2.849,0.16218,1.0
AT2G50086,2.232,0.2013,1.0
AT4G46108,-0.767,0.6753,1.0
AT4G14326,0.924,0.7882,1.0
AT5G18685,0.602,0.53167,1.0
AT5G67769,0.072,0.96489,1.0
AT3G14939,0.153,0.8991,1.0
AT4G45158,0.488,0.85534,1.0
AT2G37957,0.937,0.71155,1.0
AT2G10878,0.219,0.82957,1.0
AT3G16694,0.34,0.85782,1.0
AT5G84432,1.392,0.33005,1.0
AT4G76368,0.318,0.79644,1.0
AT4G34052,0.545,0.67452,1.0
AT3G74440,0.99,0.34911,1.0
AT5G22570,1.633,0.33579,1.0
AT1G75630,1.227,0.2672,1.0
AT1G21011,0.377,0.7432,1.0
AT1G63348,0.208,0.82648,1.0
AT4G99792,-1.224,0.44249,1.0
AT2G94625,0.292,0.78765,1.0
AT5G17286,-1.037,0.3324,1.0
AT2G63463,-1.024,0.4516,1.0
AT1G52848,0.651,0.56567,1.0
AT1G14629,-0.101,0.95957,1.0
AT5G73394,0.472,0.8664,1.0
AT4G55513,-0.627,0.49808,1.0
AT3G66370,1.201,0.61824,1.0
AT5G22229,0.144,0.92787,1.0
AT3G27377,1.188,0.48586,1.0
AT1G74190,0.673,0.51473,1.0
AT1G93380,0.165,0.9199,1.0
AT2G42038,-0.479,0.83521,1.0
AT1G98555,0.032,0.98047,1.0
AT1G29714,0.828,0.43921,1.0
AT4G26922,0.698,0.8273,1.0
AT5G75556,-1.196,0.42069,1.0
AT5G33164,1.026,0.4048,1.0
AT2G95886,-0.214,0.86793,1.0
AT5G14245,0.815,0.42922,1.0
AT5G61121,-0.697,0.66571,1.0
AT5G82216,0.638,0.56885,1.0
AT2G76701,-0.797,0.73469,1.0
AT5G96374,0.129,0.95487,1.0
AT1G30592,-0.298,0.78388,1.0
AT2G65452,-0.286,0.8357,1.0
AT1G21716,-0.567,0.66124,1.0
AT2G23096,-0.154,0.88426,1.0
AT3G76607,-1.741,0.42542,1.0
AT5G72587,0.877,0.54966,1.0
AT2G79750,0.962,0.3792,1.0
AT5G88571,-0.443,0.86993,1.0
AT5G26811,-1.38,0.35092,1.0
AT5G74363,-0.647,0.52495,1.0
AT5G83025,0.948,0.78891,1.0
AT3G31872,0.626,0.57227,1.0
AT5G54036,-0.3,0.88212,1.0
AT4G38785,0.897,0.61699,1.0
AT4G18846,-1.041,0.78329,1.0
AT1G87425,-0.613,0.71555,1.0
AT4G77696,0.475,0.62125,1.0
AT4G10972,-0.096,0.97116,1.0
AT4G46052,-0.589,0.52971,1.0
AT1G83611,-2.512,0.2062,1.0
AT2G96271,0.671,0.63014,1.0
AT2G32063,0.324,0.85207,1.0
AT1G95675,-1.743,0.14817,1.0
AT2G52077,0.6,0.77994,1.0
AT1G14457,-0.014,0.98643,1.0
AT1G11322,0.279,0.81868,1.0
AT1G18643,0.945,0.61033,1.0
AT1G59619,-0.74,0.53004,1.0
AT5G99400,0.714,0.5027,1.0
AT4G84758,0.684,0.49002,1.0
AT2G96949,0.762,0.80283,1.0
AT1G93733,1.636,0.66638,1.0
AT2G90604,0.659,0.72797,1.0
AT2G83197,-0.562,0.74045,1.0
AT3G65317,1.798,0.42262,1.0
AT5G72377,-1.107,0.63819,1.0
AT4G95134,-0.463,0.79683,1.0
AT4G68247,-0.964,0.4171,1.0
AT2G17741,-0.103,0.94379,1.0
AT2G57876,1.082,0.43299,1.0
AT1G81188,1.298,0.38247,1.0
AT4G20180,0.464,0.6334,1.0
AT4G17017,-0.609,0.59682,1.0
AT1G86414,-0.554,0.57788,1.0
AT3G18037,-0.603,0.6392,1.0
AT4G23843,0.953,0.76811,1.0
AT1G56507,-0.907,0.59842,1.0
AT3G60887,0.865,0.65702,1.0
AT2G80731,-0.033,0.9863,1.0
AT2G75231,0.172,0.86667,1.0
AT5G16702,1.512,0.22165,1.0
AT2G60506,-0.475,0.63761,1.0
AT2G71890,1.662,0.42564,1.0
AT4G99032,-1.409,0.39973,1.0
AT1G81800,-0.825,0.66031,1.0
AT5G90976,-1.578,0.40671,1.0
AT1G39527,-0.747,0.6171,1.0
AT3G56966,0.583,0.51296,1.0
AT2G14915,0.738,0.79812,1.0
AT4G82014,0.307,0.82965,1.0
AT1G63381,0.267,0.74993,1.0
AT3G72798,-1.173,0.40726,1.0
AT3G99780,-1.327,0.47398,1.0
AT5G83515,0.304,0.75366,1.0
AT3G30270,1.348,0.21578,1.0
AT2G17934,-0.364,0.71422,1.0
AT5G40536,-1.269,0.25628,1.0
AT2G70892,-1.533,0.31548,1.0
AT2G13538,-0.681,0.7071,1.0
AT3G82066,1.58,0.57006,1.0
AT1G63905,-0.208,0.79535,1.0
AT5G84739,-1.038,0.65296,1.0
AT1G40735,-0.609,0.55495,1.0
AT3G39144,-0.484,0.68583,1.0
AT2G20617,0.266,0.8511,1.0
AT3G24132,-0.66,0.71191,1.0
AT4G36200,-0.89,0.80333,1.0
AT3G39427,-0.188,0.81805,1.0
AT3G47274,0.469,0.70317,1.0
AT4G51639,0.717,0.50921,1.0
AT4G94867,0.551,0.62959,1.0
AT2G92453,-0.457,0.617,1.0
AT4G18302,-1.695,0.5749,1.0
AT3G25545,-0.799,0.4989,1.0
AT5G59481,0.284,0.77855,1.0
AT4G35177,-1.334,0.41127,1.0
AT1G40155,0.253,0.90176,1.0
AT4G99783,-0.59,0.68639,1.0
AT1G96291,-0.582,0.86516,1.0
AT5G17799,1.12,0.36691,1.0
AT4G69569,0.219,0.7787,1.0
AT4G95852,1.37,0.24846,1.0
AT3G27662,-0.939,0.52371,1.0
AT1G62020,1.131,0.36516,1.0
AT1G50680,0.909,0.61899,1.0
AT1G25394,-2.995,0.19264,1.0
AT2G79318,-0.088,0.9497,1.0
AT3G87545,1.542,0.23069,1.0
AT5G87723,0.778,0.64768,1.0
AT2G55169,-0.441,0.70635,1.0
AT1G35649,-0.233,0.79884,1.0
AT4G44198,-1.303,0.24141,1.0
AT1G48701,0.206,0.83452,1.0
AT5G60365,-1.793,0.27089,1.0
AT2G71029,-1.015,0.3679,1.0
AT3G55252,1.119,0.5159,1.0
AT5G86582,-0.021,0.98647,1.0
AT2G62335,-0.363,0.68993,1.0
AT3G92720,-0.106,0.97031,1.0
AT5G87896,2.742,0.06353,1.0
AT4G30525,1.035,0.37283,1.0
AT2G31502,-0.776,0.41674,1.0
AT4G61900,1.667,0.43583,1.0
AT3G76062,-0.089,0.93324,1.0
AT1G34639,0.74,0.45762,1.0
AT4G93151,-0.587,0.86238,1.0
AT5G46352,-0.938,0.39447,1.0
AT1G42802,0.802,0.45393,1.0
AT3G83429,-0.769,0.52729,1.0
AT3G21195,-0.781,0.54988,1.0
AT4G99649,0.898,0.36733,1.0
AT5G94500,-1.162,0.50005,1.0
AT1G89414,-1.419,0.43134,1.0
AT5G54147,0.545,0.73411,1.0
AT3G89597,-1.96,0.25532,1.0
AT2G50268,-0.752,0.51514,1.0
AT1G22864,-0.366,0.79219,1.0
AT5G87817,-1.345,0.42769,1.0
AT4G62342,-1.117,0.63599,1.0
AT1G27618,0.666,0.61138,1.0
AT4G32830,0.292,0.88231,1.0
AT1G63491,-0.946,0.46658,1.0
AT1G36623,0.529,0.54781,1.0
AT2G26010,1.519,0.37662,1.0
AT3G37074,-1.282,0.6208,1.0
AT3G18028,0.061,0.93207,1.0
AT1G70056,1.977,0.31057,1.0
AT2G74422,0.611,0.65474,1.0
AT1G32948,0.813,0.42974,1.0
AT1G83020,-0.2,0.83754,1.0
AT2G92175,-0.798,0.59005,1.0
AT3G91968,1.143,0.30849,1.0
AT5G69802,0.654,0.73998,1.0
AT2G50127,-0.052,0.97965,1.0
AT5G15088,-0.465,0.67849,1.0
AT1G98119,-1.748,0.36025,1.0
AT1G82401,0.156,0.89307,1.0
AT2G32405,-0.692,0.52725,1.0
AT2G81997,-0.132,0.91577,1.0
AT5G15192,0.671,0.47817,1.0
AT1G98724,0.82,0.74014,1.0
AT5G21068,0.719,0.48498,1.0
AT5G19291,2.255,0.11471,1.0
AT1G85315,1.165,0.6728,1.0
AT5G16231,-0.746,0.57553,1.0
AT4G38854,-0.818,0.45751,1.0
AT3G29847,2.328,0.23921,1.0
AT5G31984,-0.663,0.63717,1.0
AT2G43374,-0.044,0.96021,1.0
AT1G63891,1.745,0.16655,1.0
AT5G57267,1.715,0.36049,1.0
AT4G98504,-0.055,0.94659,1.0
AT4G90797,0.242,0.78856,1.0
AT4G46262,-1.635,0.5729,1.0
AT2G67265,-0.908,0.46238,1.0
AT3G78559,-0.365,0.69595,1.0
AT2G19636,-0.006,0.99433,1.0
AT5G65797,-0.323,0.81902,1.0
AT5G75468,0.152,0.93658,1.0
AT4G72244,2.193,0.42625,1.0
AT1G12824,0.464,0.62303,1.0
AT3G95103,0.309,0.84664,1.0
AT2G10086,0.002,0.99822,0.99955
AT4G18611,-0.172,0.87253,1.0
AT2G29658,1.233,0.58716,1.0
AT2G68962,-0.991,0.54144,1.0
AT4G55174,-0.126,0.88458,1.0
AT1G11709,-1.096,0.32163,1.0
AT1G37840,0.087,0.95262,1.0
AT1G27863,0.119,0.89281,1.0
AT1G72014,0.921,0.76998,1.0
AT3G88038,1.198,0.42232,1.0
AT1G85894,0.663,0.78819,1.0
AT3G23055,1.622,0.16238,1.0
AT3G40296,1.589,0.24851,1.0
AT5G21661,0.315,0.83847,1.0
AT1G87067,0.373,0.65837,1.0
AT2G89909,-1.936,0.53437,1.0
AT2G78867,0.32,0.81307,1.0
AT4G71414,-0.005,0.99738,1.0
AT4G57408,-1.688,0.14387,1.0
AT5G91767,-0.431,0.87377,1.0
AT3G18166,0.957,0.50255,1.0
AT2G85827,-1.239,0.58197,1.0
AT2G47419,1.293,0.3231,1.0
AT4G67302,0.475,0.7289,1.0
AT3G71341,-0.228,0.79231,1.0
AT4G47860,-0.142,0.88066,1.0
AT3G23396,0.83,0.46039,1.0
AT5G71724,-1.431,0.47376,1.0
AT3G55591,2.041,0.46471,1.0
AT1G50565,-0.813,0.6198,1.0
AT5G87766,-0.765,0.81603,1.0
AT3G90954,1.221,0.57306,1.0
AT2G29293,0.79,0.53202,1.0
AT5G52103,1.325,0.57497,1.0
AT4G25994,1.046,0.7565,1.0
AT1G61981,0.376,0.75356,1.0
AT3G51649,-1.276,0.29653,1.0
AT5G72949,-0.473,0.82538,1.0
AT3G91992,0.198,0.80642,1.0
AT1G50656,-0.017,0.99065,1.0
AT3G96496,-2.053,0.22753,1.0
AT4G32123,1.044,0.42644,1.0
AT1G86541,1.731,0.27876,1.0
AT4G65426,1.464,0.32415,1.0
AT5G41818,-1.018,0.71713,1.0
AT4G18575,0.436,0.73911,1.0
AT5G59321,-2.126,0.14016,1.0
AT1G89604,1.69,0.54257,1.0
AT2G56467,-1.94,0.12084,1.0
AT5G29755,0.411,0.88788,1.0
AT1G46685,1.163,0.33066,1.0
AT2G98615,1.291,0.46759,1.0
AT2G72794,0.344,0.84129,1.0
AT3G90532,-1.426,0.23487,1.0
AT1G10338,-0.101,0.90471,1.0
AT5G13707,-0.268,0.80854,1.0
AT1G61500,0.368,0.80663,1.0
AT5G37235,0.988,0.38712,1.0
AT2G83397,0.662,0.78258,1.0
AT5G69253,2.122,0.27958,1.0
AT1G47100,0.661,0.66358,1.0
AT2G63819,-0.389,0.86331,1.0
AT1G82734,1.63,0.37379,1.0
AT4G60161,-0.315,0.83566,1.0
AT4G15534,0.282,0.9026,1.0
AT5G42841,0.181,0.93562,1.0
AT1G48996,-2.293,0.07607,1.0
AT3G37126,0.277,0.92169,1.0
AT2G60614,0.289,0.90483,1.0
AT1G73422,-0.21,0.78992,1.0
AT5G67558,-0.141,0.85493,1.0
AT3G39890,-1.284,0.49912,1.0
AT4G82636,0.082,0.97347,1.0
AT1G61609,1.503,0.30341,1.0
AT2G54231,-0.177,0.89339,1.0
AT2G26789,-0.522,0.55987,1.0
AT5G95576,-0.608,0.80856,1.0
AT3G22666,2.017,0.14708,1.0
AT2G39343,-1.355,0.70876,1.0
AT3G68110,0.845,0.69951,1.0
AT2G75738,0.111,0.94489,1.0
AT1G21244,1.921,0.47916,1.0
AT5G92770,1.311,0.28185,1.0
AT4G97166,-0.088,0.96602,1.0
AT5G86543,-1.541,0.36329,1.0
AT2G67167,1.43,0.6058,1.0
AT5G59007,1.458,0.25093,1.0
AT4G96112,-1.105,0.39033,1.0
AT5G72901,0.745,0.81389,1.0
AT5G89874,-0.801,0.72763,1.0
AT3G73033,-0.776,0.53393,1.0
AT4G11356,-1.609,0.36779,1.0
AT1G31461,0.933,0.62125,1.0
AT4G66462,0.271,0.80218,1.0
AT3G85498,0.494,0.59548,1.0
AT3G74891,1.452,0.38063,1.0
AT3G62030,0.669,0.74644,1.0
AT3G20420,0.585,0.65474,1.0
AT2G60299,0.749,0.55657,1.0
AT4G40976,-1.065,0.63625,1.0
AT4G59747,-0.034,0.9692,1.0
AT1G57701,-1.206,0.41342,1.0
AT1G80727,-0.9,0.47042,1.0
AT5G87423,-0.092,0.94208,1.0
AT2G10126,1.062,0.50871,1.0
AT3G51678,2.058,0.41675,1.0
AT3G71583,-1.085,0.31823,1.0
AT1G41932,0.173,0.93084,1.0
AT4G81176,-0.071,0.9678,1.0
AT2G10644,0.527,0.74159,1.0
AT2G24837,0.582,0.51772,1.0
AT3G58928,0.362,0.76446,1.0
AT1G15501,-0.967,0.70179,1.0
AT2G70299,0.395,0.67206,1.0
AT2G93015,0.892,0.64043,1.0
AT1G85085,-0.513,0.87936,1.0
AT2G73005,1.978,0.16599,1.0
AT5G92229,-0.235,0.7687,1.0
AT2G75048,-0.634,0.51138,1.0
AT1G72816,0.296,0.92422,1.0
AT3G10311,-0.258,0.84411,1.0
AT1G27124,-1.367,0.57289,1.0
AT5G70730,-0.026,0.98671,1.0
AT2G80807,1.596,0.52472,1.0
AT4G97029,2.003,0.14753,1.0
AT5G80198,-0.567,0.75739,1.0
AT1G34081,0.905,0.36159,1.0
AT4G42074,0.133,0.90945,1.0
AT5G81782,0.284,0.80599,1.0
AT5G58010,1.267,0.29653,1.0
AT1G31603,0.852,0.48052,1.0
AT2G39879,0.154,0.85331,1.0
AT5G41011,-0.929,0.72333,1.0
AT5G52466,-1.124,0.46095,1.0
AT2G98698,-0.064,0.95391,1.0
AT4G43421,0.324,0.89815,1.0
AT4G34284,0.503,0.63321,1.0
AT4G45269,0.782,0.60123,1.0
AT1G82950,0.98,0.45486,1.0
AT2G16952,-2.403,0.08436,1.0
AT2G77782,0.903,0.44922,1.0
AT4G90641,-1.047,0.37213,1.0
AT3G39448,1.114,0.57184,1.0
AT1G95523,0.337,0.80498,1.0
AT3G90620,0.631,0.50475,1.0
AT1G97664,-0.541,0.72654,1.0
AT4G96512,0.283,0.82829,1.0
AT5G38519,-1.867,0.51898,1.0
AT1G94440,1.095,0.39442,1.0
AT2G29032,-0.331,0.86449,1.0
AT5G66038,-2.589,0.37088,1.0
AT3G63853,1.061,0.33347,1.0
AT5G35129,1.677,0.51605,1.0
AT1G84423,-0.876,0.50685,1.0
AT1G16688,1.213,0.56073,1.0
AT3G92871,-0.75,0.60137,1.0
AT4G18778,-2.267,0.0867,1.0
AT5G93641,-0.358,0.71268,1.0
AT3G16434,0.326,0.73582,1.0
AT3G75961,0.134,0.9586,1.0
AT2G23310,0.104,0.96639,1.0
AT4G21144,0.296,0.75604,1.0
AT5G41327,0.217,0.86432,1.0
AT3G20125,-0.216,0.80335,1.0
AT1G12854,-0.601,0.70635,1.0
AT5G19270,-0.266,0.80575,1.0
AT5G17534,-0.352,0.84517,1.0
AT3G93678,-0.303,0.83338,1.0
AT4G95080,-1.103,0.46638,1.0
AT1G30787,-0.543,0.80815,1.0
AT4G68808,0.082,0.95277,1.0
AT2G16874,0.309,0.84093,1.0
AT5G50785,-0.064,0.97138,1.0
AT1G65029,-0.184,0.84257,1.0
AT4G81989,0.534,0.65503,1.0
AT2G90055,0.814,0.5979,1.0
AT4G17614,0.68,0.5957,1.0
AT5G58206,-1.75,0.3237,1.0
AT3G82802,-0.455,0.7827,1.0
AT3G33189,0.706,0.73536,1.0
AT3G29772,0.515,0.6362,1.0
AT5G97674,0.68,0.84752,1.0
AT3G72725,0.314,0.90291,1.0
AT5G24515,-0.854,0.52483,1.0
AT3G28294,1.223,0.54375,1.0
AT3G63682,-1.36,0.50913,1.0
AT3G80470,0.986,0.39532,1.0
AT5G95791,-0.016,0.98139,1.0
AT5G60213,-1.473,0.34496,1.0
AT4G32115,-0.396,0.91167,1.0
